No;alpha;lambda;max_iteration;keep_prob
1;0.00001;0;500;1
2;0.00005;0.01;750;0.97
3;0.0001;0.05;1250;0.95
4;0.0005;0.1;1500;0.9
5;0.001;0.5;2000;0.85
6;0.005;1;4000;0.75
7;0.01;1.5;7500;0.65
8;0.05;2;15000;0.5
9;0.1;5;20000;0.3
10;0.5;7;25000;0.1
