No;alpha;lambda;max_iteration;keep_prob
1;0.4843;0;10258;1
2;0.09042;4.29;1179;0.12335827
3;0.17204;2.43;1289;0.71887571
4;0.06079;3.75;9576;0.934285348
5;0.03467;2.46;5559;0.176752067
6;0.0629;3.03;12196;0.620261516
7;0.48492;0.09;1247;0.706791364
8;0.00162;4.92;14737;0.689498237
9;0.56285;0.42;2651;0.287771262
10;0.01458;4.17;8635;0.514243343
