No;alpha;lambda;max_iteration;keep_prob
1;0.00001;0;100;1
2;0.00005;0.01;100;0.97
3;0.0001;0.05;100;0.95
4;0.0005;0.1;100;0.9
5;0.001;0.5;100;0.85
6;0.005;1;100;0.75
7;0.01;1.5;100;0.65
8;0.05;2;100;0.5
9;0.1;5;100;0.3
10;0.5;7;100;0.1
